return,net_return,volatility,sharpe_ratio,growth_weight,weighted_fee
0.06181882985861255,0.060275829858612545,0.04602963062286539,0.9085197793839971,0.6399999999999998,0.0015429999999999997
0.06186846757209706,0.060327522903094594,0.04605293532441862,0.909137870955582,0.6399999999999999,0.001540944669002469
0.06191810526716872,0.06037921592840137,0.04607754351493869,0.9097296007886911,0.6399999999999999,0.0015388893387673524
0.06196774297194664,0.06043090896381631,0.046103453120756734,0.910295002459412,0.6399999999999999,0.0015368340081303316
0.06201738067296003,0.060482601995310845,0.0461306619422366,0.9108341156164832,0.6399999999999999,0.0015347786776491877
0.06206701837905958,0.060534295032102135,0.04615916768678453,0.9113469866811192,0.6399999999999999,0.0015327233469574434
0.06211665611125655,0.06058598809607146,0.046188967966484785,0.9118336686330998,0.6399999999999999,0.0015306680151850923
0.062166293821400626,0.060637681137074746,0.046220060248673256,0.912294220183562,0.6399999999999999,0.0015286126843258774
0.062215931493402814,0.06068937413835682,0.04625244191533038,0.9127287067498665,0.6399999999999999,0.0015265573550459902
0.062265569142377644,0.060741067115658055,0.046286110267733355,0.9131372002940051,0.6399999999999999,0.0015245020267195884
0.062315206907861014,0.06079276021429206,0.0463210625984439,0.9135197798610636,0.6399999999999998,0.0015224466935689586
0.062364844637257125,0.06084445327534454,0.046357295899043756,0.9138765282927344,0.64,0.0015203913619125829
0.06241448231278017,0.06089614628029326,0.04639480715178863,0.914207535641087,0.6399999999999999,0.0015183360324869083
0.06246412001729338,0.06094783931543253,0.0464335933210689,0.9145128985317102,0.6399999999999999,0.0015162807018608484
0.06251375772219947,0.06099953235098095,0.04647365119365057,0.9147927186751335,0.6399999999999999,0.001514225371218521
0.06256339542765443,0.06105122538710097,0.04651497748419164,0.9150471037445912,0.6399999999999997,0.0015121700405534661
0.06261303313416969,0.06110271420628598,0.04655743761090002,0.9152787464444376,0.6399999999999999,0.0015103189278837079
0.06266267084464236,0.061153763074657926,0.046600920567693875,0.9154898728377973,0.6399999999999999,0.0015089077699844329
0.06271230854228635,0.06120547238062014,0.04664435837428508,0.9157014916906551,0.6399999999999999,0.001506836161666207
0.06276194624897383,0.06125685146964849,0.0466887775162755,0.9158934657063402,0.6399999999999999,0.00150509477932534
0.06281158395382722,0.061308230556027556,0.046733833407293986,0.9160725930765481,0.6399999999999997,0.0015033533977996626
0.06286122165875646,0.06135960964408684,0.04677952420917329,0.9162389396502568,0.6399999999999999,0.0015016120146696171
0.0629108593636678,0.06141098873191712,0.04682584806326615,0.9163925724461235,0.6399999999999998,0.0014998706317506836
0.06296049706744679,0.06146236781925052,0.04687280309159579,0.9165335596315025,0.6399999999999999,0.0014981292481962675
0.06301013477183645,0.06151374704930801,0.04692038740094125,0.9166619705056748,0.6399999999999999,0.0014963877225284388
0.06305977247472452,0.061565127895495814,0.046968599087784335,0.9167778752405578,0.6399999999999999,0.0014946445792287102
0.06310941018150618,0.061616497841876575,0.04701743635703976,0.9168813427883026,0.6399999999999999,0.001492912339629604
0.06315904788544371,0.06166788416771762,0.04706689679928769,0.9169724545361758,0.6399999999999999,0.0014911637177261008
0.06320868558186052,0.0617192632440067,0.047116978924634186,0.9170512746790246,0.6399999999999999,0.0014894223378538161
0.06325832329578654,0.06177037516586342,0.04716765746664975,0.9171183310592149,0.6399999999999999,0.0014879481299231157
0.06330796100143096,0.061818787997399705,0.047218660161420886,0.9171789469116473,0.6399999999999999,0.0014891730040312592
0.06335759870482494,0.06186828804319593,0.04727010552345375,0.9172308422986791,0.6399999999999999,0.0014893106616289992
0.06340723640527704,0.06191795505010693,0.04732196053352206,0.9172746842246339,0.6399999999999999,0.0014892813551701106
0.06345687411427478,0.061967461798721084,0.04737422094488758,0.9173105804701249,0.6399999999999999,0.0014894123155536983
0.06350651181917256,0.06201708643020836,0.04742688373818786,0.9173386145154074,0.6399999999999999,0.0014894253889642048
0.06355614952415996,0.06206649943888523,0.04747995111191096,0.9173587694203277,0.6399999999999999,0.0014896500852747253
0.06360578722816962,0.06211614868165948,0.04753341445203507,0.9173712372834327,0.6399999999999999,0.0014896385465101357
0.06365542493290272,0.06216575739383801,0.04758727770685826,0.9173759676236136,0.6399999999999998,0.0014896675390647016
0.06370506263804207,0.06221533332050901,0.04764153930428675,0.9173730168309132,0.6399999999999999,0.0014897293175330545
0.06375470034309766,0.06226500033794705,0.04769619549494628,0.9173624832977244,0.6399999999999999,0.0014897000051506074
0.06380433804754876,0.06231462858151213,0.04775124731970902,0.9173443733158525,0.6399999999999998,0.0014897094660366325
0.06385397575222976,0.06236409470062067,0.04780669649658085,0.9173186805611261,0.6399999999999999,0.0014898810516090876
0.06390361345702456,0.06242146834463346,0.047864405647482657,0.9172497362731503,0.6399999999999999,0.0014821451123910923
0.06395325116088882,0.06247025370990058,0.04792026328219297,0.9172163955372448,0.6399999999999997,0.0014829974509882379
0.06400288886666783,0.06251900552069029,0.047976529742879595,0.9171753168162081,0.6399999999999999,0.0014838833459775403
0.06405252657126353,0.06256778164194042,0.048033244003121436,0.917125784142349,0.6399999999999999,0.0014847449293231194
0.06410216427607315,0.06261645575390042,0.0480903530133348,0.9170688404770957,0.6399999999999999,0.00148570852217274
0.06415180198080359,0.06266502393323861,0.04814788261120506,0.9170040214920789,0.6399999999999999,0.00148677804756497
0.06420143968445066,0.06271352048277741,0.04820585496087458,0.9169309354709291,0.6399999999999999,0.001487919201673247
0.06425107738930429,0.0627619537042683,0.04826428396821348,0.9168493501001224,0.6399999999999999,0.0014891236850359758
0.0643007150949178,0.06281032414276254,0.04832318217601788,0.9167590605592119,0.6399999999999999,0.001490390952155259
0.06435035279888594,0.06285862797843085,0.04838256314877642,0.9166598442192608,0.6399999999999999,0.0014917248204550932
0.06439999050432799,0.06290686246282978,0.04844244229416986,0.9165514454185892,0.6399999999999999,0.001493128041498202
0.06444962820893543,0.0629550264627845,0.04850283635143997,0.9164335851797211,0.6399999999999999,0.0014946017461509292
0.06449926591376841,0.06300311978603843,0.04856376297912836,0.9163059693890117,0.6399999999999998,0.0014961461277299762
0.06454890361759119,0.06305879082191453,0.04862347161414636,0.9162016231813088,0.6399999999999999,0.00149011279567666
0.06459854132374632,0.06310834801207924,0.0486846502647897,0.9160698717394589,0.6399999999999999,0.0014901933116670807
0.06464817902785144,0.06315782685639436,0.04874620151067151,0.915931449921838,0.6399999999999999,0.0014903521714570787
0.06469781673208627,0.06320744705412022,0.04880812385161747,0.9157864143267004,0.6399999999999999,0.0014903696779660506
0.06474745443630796,0.06325699701383752,0.048870418249872025,0.9156347753668986,0.6399999999999998,0.0014904574224704357
0.06479709214116561,0.06330653311418917,0.0489330717719816,0.9154768037026403,0.6399999999999999,0.0014905590269764333
0.0648467298533074,0.06335612918156694,0.04899609502062978,0.9153123291646958,0.6399999999999999,0.0014906006717404644
0.06489636755116612,0.0634057176255695,0.0490594823894696,0.9151414846725519,0.6399999999999999,0.001490649925596628
0.06494600525437999,0.06345532604735403,0.04912323299043535,0.9149643156249774,0.6399999999999999,0.0014906792070259569
0.06499564293653567,0.0635049086802357,0.049187344165392714,0.9147808994370091,0.6399999999999999,0.0014907342562999705
0.06504528065845891,0.06355452534573858,0.049251816480312335,0.9145912552578659,0.6399999999999999,0.0014907553127203388
0.0650949183874878,0.06360408607125598,0.04931664571762214,0.9143954892166193,0.6399999999999999,0.001490832316231821
0.06514455607372296,0.06365367517489731,0.049381832887294995,0.9141936099609174,0.6399999999999999,0.0014908808988256523
0.06519419378003571,0.06370365048619543,0.04944738069952809,0.9139855972283488,0.6399999999999999,0.0014905432938402841
0.06524383148465082,0.06375290727819731,0.04951327343667252,0.9137717695542323,0.6399999999999999,0.0014909242064535136
0.0652934691889768,0.06380244434082434,0.04957952320472753,0.9135519315493933,0.64,0.0014910248481524555
0.06534310689407757,0.06385207124970756,0.04964612508016132,0.9133262026162996,0.64,0.0014910356443700193
0.06539274460022673,0.0639017417800462,0.049713078638673705,0.9130946190267519,0.6399999999999999,0.0014910028201805252
0.06544238230441093,0.06395127497808178,0.049780377530139565,0.9128573256982193,0.64,0.0014911073263291538
0.06549202000854666,0.06400084810793137,0.049848024735285566,0.9126142961557421,0.6399999999999997,0.0014911719006152886
0.06554165771406692,0.06405044005513075,0.049916017911741765,0.9123656016509709,0.6399999999999999,0.0014912176589361719
0.06559129541744224,0.06410007300177191,0.0499843557478519,0.9121112943303574,0.6399999999999999,0.0014912224156703275
0.0656409331235946,0.06414964616169244,0.05005303653507593,0.9118514336609841,0.6399999999999999,0.0014912869619021672
0.06569057082715596,0.06419924137711423,0.05012205917692037,0.9115860676409524,0.6399999999999999,0.0014913294500417324
0.06574020853174271,0.06424878399421209,0.050191421544989887,0.9113152631220603,0.6399999999999999,0.0014914245375306182
0.06578984623650198,0.06429846025774848,0.05026112322675782,0.9110390555721716,0.6400000000000001,0.001491385978753502
0.06583948393440105,0.06434770319481213,0.05033116459979517,0.9107574660529034,0.6400000000000001,0.0014917807395889214
0.06588912163940576,0.0643975996326274,0.050401536801855176,0.9104706830629155,0.6399999999999999,0.001491522006778361
0.06593875934796661,0.06444714664337663,0.05047224590993276,0.9101786243065919,0.6399999999999999,0.0014916127045899868
0.06598839705515439,0.06449673945892397,0.050543288419193484,0.9098813807629221,0.6399999999999999,0.0014916575962304198
0.06603803475987609,0.0645463313118002,0.0506146626851021,0.9095790096696013,0.6399999999999997,0.001491703448075891
0.06608767246464005,0.06459592298800006,0.0506863673083371,0.9092715637772556,0.6399999999999999,0.0014917494766399867
0.06613731017133279,0.06464550952517767,0.05075840090204398,0.9089590954681728,0.6399999999999999,0.0014918006461551183
0.06618694787592588,0.06469509551364132,0.050830762060509696,0.9086416572103375,0.6399999999999998,0.0014918523622845653
0.06623658557904641,0.06474469513488666,0.05090344933040238,0.908319302272338,0.64,0.00149189044415975
0.06628622331888048,0.06479380957384416,0.05097646859744791,0.9079919537854719,0.6399999999999999,0.0014924137450363156
0.0663358609867907,0.06484448036476509,0.051049807562086,0.9076598561206667,0.6399999999999999,0.001491380622025612
0.0663854986516316,0.06489586030870859,0.05112362599854724,0.907320201680329,0.6399999999999999,0.0014896383429230163
0.06643513639476212,0.06494724028481337,0.05119795788845326,0.9069724322976306,0.6399999999999999,0.0014878961099487429
0.06648477405955036,0.06499862009131835,0.051272800762709514,0.9066166343181029,0.6399999999999999,0.0014861539682320133
0.06653441184280516,0.06505003503868502,0.051348157415797936,0.9062528079827112,0.6400000000000001,0.0014843768041201376
0.06658404951238525,0.06510139547927146,0.05142401238314267,0.9058812673990407,0.6399999999999999,0.0014826540331137894
0.06663368721348079,0.06515276071968776,0.05150037394087671,0.9055019147437071,0.64,0.0014809264937930308
0.0666833249199372,0.06520413038763215,0.05157723867601654,0.9051148552790784,0.6400000000000001,0.0014791945323050538
0.06673296263071468,0.06525550770855101,0.05165460355750514,0.9047201877890442,0.6399999999999997,0.001477454922163663
0.06678260033292646,0.06530687915238367,0.05173246634702052,0.9043179967316763,0.6399999999999999,0.0014757211805427953
0.06683223803556837,0.06535825853791606,0.05181082426972283,0.9039083762065556,0.6399999999999999,0.0014739794976523079
0.06688187574264606,0.06540989008608171,0.05188965909356762,0.9034916891265078,0.6399999999999998,0.0014719856565643481
0.06693151344641388,0.06546171683217253,0.05196890039619048,0.9030692027082823,0.6399999999999999,0.0014697966142413472
0.06698115114986002,0.06551354134867217,0.05204854094939824,0.9026410787486866,0.6399999999999999,0.001467609801187853
0.06703078885444447,0.06556536488408779,0.052128578981657674,0.9022073836118388,0.6399999999999999,0.0014654239703566843
0.06708042655905284,0.06561716595170132,0.05220901308725787,0.9017681770840308,0.6399999999999998,0.0014632606073515277
0.06713006426438346,0.06566898202491579,0.05228984056711221,0.9013235411168188,0.64,0.001461082239467669
0.06717970196891859,0.06572078096219558,0.052371061080651336,0.9008735166977414,0.6399999999999999,0.0014589210067230173
0.06722933967325058,0.06577259776087443,0.05245266992771294,0.9004182196700218,0.6399999999999997,0.0014567419123761494
0.06727897737804006,0.06582451517452304,0.0525346653200555,0.899957715348592,0.64,0.0014544622035170226
0.06732861508319027,0.06587627216625434,0.052617050212191645,0.8994919877173955,0.6399999999999999,0.0014523429169359234
0.06737825278706776,0.06592804319178026,0.052699820586702466,0.8990211401027525,0.6399999999999998,0.0014502095952874964
0.06742789049263337,0.06597985052946957,0.05278297257223151,0.898545272866739,0.6399999999999999,0.0014480399631637967
0.06747752819723055,0.06603181269105408,0.05286650040576204,0.8980645178483548,0.6399999999999999,0.0014457155061764588
0.06752716590194009,0.06608363593914483,0.052950411571259945,0.8975787815733721,0.6399999999999999,0.0014435299627952598
0.06757680360639137,0.06613545782809536,0.0530347000967139,0.8970881992286271,0.6399999999999998,0.001441345778296014
0.06762644131139746,0.0661872802570934,0.05311936417672504,0.896592834826619,0.6399999999999999,0.001439161054304049
0.06767607901611349,0.06623910383563314,0.053204402013753045,0.8960927519454025,0.6399999999999999,0.0014369751804803475
0.06772571672084104,0.06629092866137463,0.05328981181706081,0.8955880137966933,0.6399999999999997,0.0014347880594664042
0.06777535442467447,0.06634263158347074,0.05337559584519501,0.8950786153888962,0.6399999999999997,0.001432722841203727
0.06782499213031927,0.06639448312457659,0.05346174281326045,0.8945647787310244,0.6399999999999997,0.0014305090057426773
0.06787462983434728,0.06644633911535404,0.05354825656096297,0.8940464715194517,0.6399999999999999,0.0014282907189932415
0.06792426753972244,0.06649820741456493,0.05363513530346335,0.8935237558098945,0.6399999999999999,0.0014260601251575187
0.06797390524447697,0.06655001079425997,0.05372237903489246,0.89299666370542,0.6399999999999998,0.001423894450217004
0.06802354294912721,0.06660182073388723,0.05380998399214908,0.8924652896409314,0.6399999999999999,0.001421722215239978
0.06807318065389355,0.06665369440301415,0.05389794625107906,0.8919297301227149,0.64,0.0014194862508793954
0.06812281835811301,0.06670549047940992,0.05398626830151162,0.8913899751201282,0.6399999999999997,0.0014173278787030868
0.06817245606318859,0.06675734075217375,0.05407494559805735,0.8908461308728377,0.6399999999999999,0.0014151153110148397
0.06822209376877106,0.0668090976368863,0.0541639791910247,0.8902982108958817,0.6399999999999999,0.0014129961318847554
0.06827173147260933,0.06685979674405748,0.054253308173569395,0.8897472448717124,0.6404651349337277,0.0014119347285518479
0.06832136917769435,0.06690953486605204,0.05434271296109587,0.8891968498570871,0.6412495431390581,0.001411834311642315
0.06837100688223449,0.06695936991204617,0.054432163776807735,0.8886475114341171,0.642042875515622,0.0014116369701883255
0.06842064458705169,0.0670090105730996,0.054521666469126505,0.8880991305441922,0.64284795250886,0.0014116340139520849
0.06847028229145621,0.06705892170478572,0.05461121123808955,0.887551863300365,0.643618475111603,0.0014113605866704966
0.06851991999564544,0.0671086689144247,0.05470080680841434,0.8870055640236346,0.6444101805051443,0.0014112510812207396
0.06856955770124487,0.06715853661195677,0.05479044797836228,0.8864603136741253,0.6451968373910331,0.001411021089288099
0.06861919540673572,0.06720834831026688,0.05488013681658671,0.8859160750496031,0.6459737976989897,0.0014108470964688336
0.068668833110621,0.06725793964336775,0.05496987698796417,0.8853727855581193,0.6467809608015767,0.0014108934672532444
0.06871847081545125,0.0673079129630485,0.055059654963743675,0.8848306595370413,0.6475439021909506,0.0014105578524027575
0.06876810851975361,0.06735766156772843,0.055149484083703196,0.8842894784969475,0.6483343356371483,0.0014104469520251832
0.06881774622449016,0.06740741953582452,0.05523935939248729,0.8837493186267745,0.6491239978337338,0.0014103266886656383
0.06886738392930654,0.06745721739946861,0.055329279768600484,0.8832101941988211,0.6499080691677254,0.0014101665298379236
0.06891702163453758,0.06750700343372357,0.05541924600633316,0.8826720888434223,0.6506938690594821,0.001410018200814023
0.06896665933903084,0.06755684942503008,0.05550925622102179,0.8821350288690553,0.6514740373700991,0.0014098099140007671
0.06901629704349663,0.06760667594368223,0.05559931232690362,0.8815989801330406,0.6522558383468859,0.001409621099814397
0.06906593474766037,0.06765638447027113,0.05568941651884659,0.881063904324717,0.6530427472764229,0.0014095502773892464
0.06911557245292746,0.06770656425146587,0.05577956232535818,0.8805299002964535,0.653752162537163,0.0014090082014615842
0.06916521015750501,0.06775597919386016,0.05586975110936935,0.8799969425541259,0.6546461977147449,0.001409230963644862
0.06921484786338028,0.06780580273353241,0.0559599860655707,0.8794649770947609,0.6554164552972657,0.0014090451298478636
0.0692644855674777,0.06785557735560206,0.05605026583233177,0.8789340217376848,0.6562056190194743,0.001408908211875636
0.06931412327178287,0.067905359060252,0.05614059026469056,0.8784040751847745,0.6569747108661091,0.001408764211530872
0.06936376097671618,0.0679552163542045,0.056230954166000234,0.8778752149748105,0.657764144386602,0.001408544622511674
0.06941339868067598,0.06800504603812535,0.056321367763782756,0.8773472776428394,0.6585061919894151,0.0014083526425506304
0.06946303638625953,0.06805483100180673,0.05641181722865703,0.8768204751456307,0.6593323722348835,0.0014082053844527965
0.06951267409056165,0.06810461854152816,0.056502313498631634,0.8762946333473715,0.6601213314799583,0.001408055549033489
0.06956231179529891,0.0681544057590021,0.056592853235247265,0.8757698006367776,0.6608943733497941,0.0014079060362968158
0.06961194950614313,0.06820424597230254,0.05668343441099513,0.875246004792534,0.6616870268859746,0.0014077035338405874
0.06966158720543719,0.06825412731917149,0.05677406232963847,0.8747231599721504,0.6624074401437894,0.0014074598862657043
0.06971122490976811,0.06830382336630134,0.056864724922326214,0.8742014487482467,0.663250382053532,0.0014074015434667796
0.0697608626147686,0.0683535787800137,0.05695543655136316,0.873680646269713,0.6640437861068456,0.001407283834754905
0.0698105003194813,0.06840337347375433,0.057046183890730025,0.8731609534985122,0.6648300929250166,0.0014071268457269647
0.06986013802390537,0.0684531395415705,0.05713697609782982,0.8726422262622882,0.6656249713214251,0.0014069984823348583
0.06990977572899865,0.06850285795143812,0.057227811820545815,0.8721244818079893,0.6664376126135467,0.0014069177775605237
0.06995941343314793,0.06855275275843076,0.05731868265602857,0.871607844390914,0.6671941274435422,0.0014066606747171733
0.07000905113799155,0.06860253248222353,0.05740959817410259,0.8710921645250354,0.6679842501095004,0.0014065186557680217
0.07005868884265562,0.06865232096825406,0.057500554394799154,0.8705774991133539,0.6687728162638111,0.001406367874401559
0.07010832654754964,0.06870195272977983,0.057591555872290284,0.870063775645604,0.6696291166517563,0.0014063738177698167
0.07015796425212809,0.0687526236868171,0.05768274049386426,0.8695489122515496,0.6704041512701546,0.0014053405653109852
0.07020760195687803,0.06880217086892244,0.057773741394301845,0.8690384376219391,0.6711903580452971,0.0014054310879555885
0.07025723966168684,0.06885180629157825,0.057864811698331804,0.8685285268652436,0.6719482252037547,0.0014054333701086004
0.07030687736641614,0.0689014307820255,0.05795594384926484,0.8680192923310361,0.6727059152026087,0.0014054465843906382
0.07035651507108712,0.06895104393388496,0.05804714291766889,0.8675106566831416,0.6734555584494437,0.001405471137202158
0.07040615277570678,0.06900071587996742,0.05813840010508083,0.8670027500688254,0.6742151294033415,0.001405436895739353
0.07045579047975514,0.06905046992674721,0.05822971742215211,0.8664955406525884,0.6749358202048119,0.0014053205530079333
0.07050542818535976,0.06910025399442486,0.05832101371899733,0.8659902317320018,0.6757536284040715,0.0014051741909349017
0.07055506589227128,0.06915055467760878,0.05841236950714113,0.8654856209195679,0.6763679569961278,0.001404511214662508
0.07060470359443963,0.06920050693593331,0.05850376334665421,0.8649820233715558,0.6771044711152697,0.0014041966585063123
0.07065434130023551,0.06925044721585578,0.058595198575357714,0.8644793862263359,0.6778420407534249,0.0014038940843797301
0.07070397900618772,0.06930047121965406,0.058686656180890986,0.8639779858968601,0.6785953036535862,0.0014035077865336566
0.07075361670995321,0.0693499845148412,0.0587781296179843,0.8634779132955629,0.6795699420043615,0.0014036321951120187
0.07080325441128466,0.06939887949126083,0.0588696714414114,0.862978392224345,0.6806843582485744,0.0014043749200238276
0.07085289211793945,0.06944795113333509,0.05896129143602907,0.8624792788521779,0.6816605428058247,0.001404940984604358
0.07090252982238654,0.06949734382620022,0.05905296134805246,0.8619809855490892,0.6825143187075055,0.0014051859961863127
0.07095216752628818,0.06954690073078941,0.05914467043048227,0.861483666329269,0.6833198617811755,0.0014052667954987691
0.07100180523302771,0.06959845339013888,0.05923622738326041,0.8609900982222295,0.6836962826717512,0.0014033518428888203
0.07105144293734027,0.06964827041514636,0.05932796292447468,0.8604954631988537,0.6844702873463706,0.0014031725221939015
0.07110108064192175,0.0696981371796072,0.059419731649561824,0.8600018751902017,0.6852375893519939,0.0014029434623145467
0.07115071834670508,0.06974795218393834,0.059511539225079464,0.8595092483366494,0.6860191699292282,0.0014027661627667414
0.07120035605131714,0.06979768558966623,0.0596033826875907,0.859017621863548,0.6868252494320249,0.0014026704616509073
0.07124999375568061,0.06984769717614159,0.05969526634154739,0.8585269301330021,0.6875357040456638,0.0014022965795390293
0.0712996314607985,0.06989729188919935,0.05978718005855638,0.8580373151995953,0.6883987515086858,0.0014023395715991446
0.07134926916558271,0.06994707866691724,0.059879132960377,0.8575486421882788,0.6891888393346395,0.0014021904986654707
0.0713989068702244,0.06999690674325293,0.05997112285474973,0.8570609390574983,0.6899778403625123,0.0014020001269714737
0.07144854457501021,0.07004669038897043,0.060063147945392574,0.8565742278740621,0.690772560506546,0.0014018541860397766
0.07149818227987884,0.07009644829787492,0.060155206992393795,0.8560885225844276,0.6915563610772569,0.0014017339820039177
0.07154781998445935,0.07014622161813373,0.060247302345134104,0.8556037860278174,0.6923401496613595,0.0014015983663256144
0.07159745768924972,0.07019600983153866,0.060339433358324965,0.8551200237966913,0.6931248682208079,0.001401447857711058
0.07164709539381188,0.07024582839506767,0.06043160005321775,0.8546372319834326,0.6939129805520625,0.001401266998744207
0.07169673309874725,0.0702956015546646,0.06052380093342636,0.8541554281366347,0.6946971163518831,0.0014011315440826406
0.07174637080329382,0.07034539306661385,0.06061603700301709,0.8536745944100272,0.6954827840224542,0.0014009777366799793
0.07179600850781816,0.07039519088594821,0.06070830782201449,0.853194733407402,0.6962685809008639,0.0014008176218699396
0.07184564621270267,0.07044501724942424,0.060800616066557144,0.8527158039969257,0.6970798676365997,0.0014006289632784335
0.07189528391762556,0.0704948026526175,0.06089295387854103,0.8522379127991967,0.6978515172800703,0.00140048126500806
0.07194492162256368,0.07054459219743693,0.060985327501776945,0.8517609685878975,0.6986356725977876,0.001400329425126748
0.07199455932686977,0.07059437961300151,0.06107773511632021,0.8512849932606066,0.6994190872966075,0.0014001797138682558
0.07204419703164236,0.07064416785279656,0.061170176731071745,0.8508099831139805,0.7002030255857367,0.0014000291788458018
0.07209383473642908,0.0706939566144883,0.061262652157644,0.8503359371771682,0.7009874303704126,0.0013998781219407908
0.07214347244107475,0.07074374577622522,0.0613551612217502,0.8498628542856808,0.7017722112505822,0.0013997266648495246
0.07219311014581231,0.07079353431103197,0.06144770374324287,0.8493907333608337,0.7025570905519751,0.0013995758347803428
0.07224274785074164,0.07084332340613159,0.06154027959132061,0.8489195726388891,0.7033424762972826,0.0013994244446100576
0.07229238555538685,0.07089311301469466,0.061632888600707356,0.8484493708248276,0.7041282075789246,0.001399272540692189
0.07234202325998668,0.07094286542721139,0.06172553463007895,0.8479800713541381,0.7049764024782033,0.0013991578327752893
0.07239166096490944,0.07099267175841235,0.06181820831886284,0.8475117993499491,0.7057495288104112,0.0013989892064970866
0.07244129866852039,0.07104247451682678,0.0619109150439874,0.847044477234121,0.7065250941341081,0.0013988241516936118
0.07249093637414211,0.07109227444720671,0.06200365456535553,0.8465781048246688,0.7073026778141384,0.0013986619269354054
0.0725405740785364,0.07114207235395589,0.06209642665717365,0.8461126816299127,0.7080817992288069,0.0013985017245805084
0.07259021178389788,0.07119186864310234,0.06218923113028028,0.8456482067405946,0.7088621717721151,0.0013983431407955348
0.07263984948854073,0.07124166616443685,0.06228206764038341,0.8451846812871268,0.7096389673040203,0.0013981833241038797
0.07268948719307441,0.07129145855167288,0.06237493642512113,0.8447220985359439,0.7104229936052846,0.0013980286414015438
0.07273912489774707,0.07134124964926745,0.06246783716990497,0.8442604592552647,0.7112111998418056,0.0013978752484796143
0.0727887626025358,0.07139103732546108,0.06256076968351805,0.8437997625282297,0.7120022129625407,0.001397725277074727
0.07283840030743392,0.07144082270493647,0.06265373376455588,0.8433400075723079,0.7127935845242317,0.001397577602497453
0.07288803801217289,0.0714906111889214,0.06274672916606573,0.8428811942085332,0.7135819846261094,0.0013974268232514815
0.07293767571698803,0.07154040457632727,0.06283975572113382,0.8424233211839874,0.7143669709305356,0.0013972711406607622
0.07298731342168055,0.07159020053554199,0.06293281334827976,0.841966386095608,0.7151502680391703,0.001397112886138556
0.07303695112611748,0.07163999682379776,0.06302590196127453,0.84151038661383,0.7159333075129459,0.0013969543023197165
0.07308658883091892,0.07168979262325262,0.06311902145792835,0.8410553206421857,0.7167169684600911,0.001396796207666313
0.07313622653577151,0.07173958758112778,0.063212171692886,0.8406011866501265,0.7175012689949418,0.0013966389546437308
0.07318586424042678,0.07178938226188093,0.06330535250498194,0.8401479833200709,0.7182854389287889,0.0013964819785458494
0.07323550194517264,0.07183917650320112,0.06339856374781636,0.8396957091477681,0.7190688986003604,0.0013963254419715224
0.07328513964965908,0.07188896980029838,0.06349180533513717,0.8392443618258624,0.7198533931899809,0.0013961698493606995
0.07333477735490745,0.07193865884911355,0.06358508066303147,0.8387938931390935,0.7206941985680169,0.0013961185057939037
0.07338441505921356,0.07198846784486346,0.06367838207510493,0.8383444007143548,0.721473274630176,0.0013959472143501028
0.07343405276396842,0.07203827005164083,0.06377171371454127,0.8378958264028012,0.7222554222741842,0.001395782712327578
0.07348369046831292,0.072088068378721,0.06386507533525944,0.8374481700295586,0.7230393621861515,0.0013956220895919135
0.07353332817355998,0.07213786519172774,0.06395846671411978,0.8370014311450293,0.723824000691643,0.001395462981832241
0.07358296587829041,0.07218766270791752,0.0640518876029779,0.8365556095773706,0.7246083436056725,0.0013953031703728982
0.07363260358300809,0.07223746381058482,0.06414533767037892,0.8361107062622042,0.7253911145507685,0.0013951397724232665
0.07368224128787892,0.0722872727828222,0.06423881641440131,0.8356667243303104,0.72617028529908,0.0013949685050567275
0.07373187899245323,0.07233708521492138,0.06433232391593913,0.8352236593017044,0.7269472333347997,0.0013947937775318536
0.07378151669723484,0.07238689304968368,0.06442586059954568,0.8347815022841014,0.7277251721681957,0.0013946236475511603
0.07383115440175358,0.07243669563579933,0.0645194263767667,0.8343402510648801,0.7285037341134151,0.0013944587659542563
0.07388079210657664,0.07248646063948341,0.06461302236311683,0.8338998879169209,0.7292829692154089,0.0013943314670932178
0.07393042981241181,0.07253627268034445,0.06470664511853236,0.8334604539243191,0.7300673286315125,0.0013941571320673606
0.07398006751428454,0.07258607189847599,0.06480029733335327,0.8330219109426915,0.7308543979171698,0.0013939956158085466
0.07402970522064443,0.07263583507130776,0.06489397855304817,0.8325842616734828,0.7316688185719018,0.001393870149336669
0.07407934292555657,0.07268547630242639,0.06498769025194902,0.8321474838680653,0.7325280424437162,0.0013938666231301839
0.07412898063001534,0.07273533520189404,0.06508142595988768,0.8317116570767399,0.7332838745473813,0.0013936454281213058
0.07417861833453313,0.07278502378296747,0.0651751930217982,0.831276684004799,0.734114602790414,0.0013935945515656588
0.07422825603452728,0.07283444798742728,0.06526919823592647,0.8308399290965723,0.7346078894720667,0.0013938080470999995
0.07427789374508806,0.07288415974273212,0.06536296098037106,0.8304075110885517,0.7354872286163084,0.001393734002355947
0.07432753144765092,0.07293405233238352,0.0654568240535527,0.8299750596393664,0.7362167012854055,0.0013934791152674006
0.07437716915006266,0.07298386643835722,0.06555068637243361,0.8295438562017894,0.7370092497099052,0.0013933027117054428
0.07442680685837355,0.07303383325616557,0.06564450559395055,0.8291144303079226,0.7378368059319738,0.0013929736022079836
0.07447644456302979,0.07308397018331055,0.06573836277144673,0.8286857516124736,0.7387032741004125,0.0013924743797192425
0.07452608226798582,0.07313391926314122,0.06583232930344568,0.8282569194332291,0.7395411682941335,0.0013921630048446055
0.07457571997343518,0.0731840246366574,0.06592633312650412,0.827828841454164,0.7402753552143024,0.0013916953367777835
0.07462535767790099,0.07323382332321925,0.06602036138988798,0.8274016762087535,0.7410967089750138,0.001391534354681747
0.07467499538186259,0.07328376738424461,0.0661144187109464,0.8269753625287518,0.7418624183877485,0.0013912279976179848
0.0747246330867772,0.07333354347996561,0.06620850102857247,0.8265499480672522,0.7426822058813372,0.0013910896068115813
0.07477427079116619,0.07338338060356576,0.06630261305421596,0.8261253707508783,0.7434814579415394,0.0013908901876004331
0.07482390849022874,0.0734330918641208,0.06639676182012635,0.8257015400653225,0.7443345491656117,0.0013908166261079448
0.07487354620149597,0.07348282867410301,0.06649092381967564,0.8252787455670465,0.7451448300362914,0.001390717527392962
0.07492318390508185,0.07353272592774655,0.06658510637515419,0.8248568921048699,0.745923782975507,0.0013904579773352953
0.0749728216105075,0.07358246816049838,0.06667931870350409,0.8244358622641206,0.7467416219755645,0.0013903534500091224
0.07502245931493937,0.07363226721245257,0.06677355287254423,0.8240157509660287,0.747540036554275,0.0013901921024867905
0.07507209701985854,0.07368189461777193,0.06686780820612172,0.8235965630890337,0.7483822090586942,0.0013902024020866072
0.07512173472501679,0.07373190862698233,0.06696210852855991,0.8231780022504354,0.7491278374431234,0.0013898260980344623
0.07517137243020361,0.07378163769090396,0.06705641640335634,0.8227605259776772,0.7499315409645697,0.0013897347392996533
0.07522101013409123,0.07383156300607292,0.06715075244048559,0.8223438774276214,0.7506828750699668,0.0013894471280183024
0.07527064783802057,0.07388134786252955,0.06724512905723352,0.8219279018853355,0.7514920840700745,0.0013892999754910114
0.07532028554363687,0.07393035983591095,0.06733925215105617,0.821516185233863,0.7521154477207768,0.0013899257077259128
0.07536992324827266,0.07398087878926285,0.06743394703843646,0.8210986554993219,0.753116095405792,0.001389044459009813
0.07541956095304339,0.07403005840152492,0.06752808195663287,0.8206891021817311,0.7536466255480254,0.0013895025515184717
0.07546919865767715,0.07407966995635547,0.06762253622449128,0.8202768153139384,0.7544913170491486,0.0013895287013216883
0.07551883636149724,0.07413043778559504,0.067717371799225,0.8198610620344929,0.7554606475120031,0.001388398575902194
0.0755684740672051,0.07417932560262311,0.06781151673269668,0.8194548174795748,0.7560380329196781,0.0013891484645819976
0.0756181117715894,0.0742290794547212,0.0679060451157486,0.8190450743639404,0.7568454905091038,0.0013890323168682065
0.07566774947629595,0.07427869366813689,0.06800059968497084,0.8186361551837809,0.7576872836473485,0.0013890558081590745
0.07571738718125051,0.07432853713129102,0.06809517585443119,0.8182281120818162,0.7584599430189922,0.0013888500499594962
0.07576702488595893,0.07437920718820241,0.06818995371024046,0.817818781970871,0.7593120368266205,0.0013878176977565153
0.07581666259104133,0.0744290037651448,0.06828449759133529,0.8174133889816301,0.76,0.0013876588258965375
0.07586630029539104,0.07448071103715968,0.06837921918056755,0.817006993716411,0.7599999999999999,0.0013855892582313593
0.07591593800045793,0.07453242200260697,0.06847421043757038,0.8165985068413145,0.76,0.001383515997850953
0.0759655757049964,0.07458420559835799,0.06856948025678852,0.8161878359790498,0.76,0.0013813701066384165
0.0760152134086104,0.07463556832251521,0.06866498096439923,0.8157755616018102,0.76,0.0013796450860951853
0.07606485111721378,0.07468739312565181,0.06876078042502941,0.8153608898948125,0.76,0.0013774579915619722
0.07611448881916456,0.07473918788989707,0.06885683963044763,0.8149442977680816,0.76,0.0013753009292674931
0.0761641265208843,0.0747910414877491,0.06895315709956629,0.8145258155443846,0.76,0.0013730850331352112
0.07621376422898726,0.07484293815974212,0.06904973376325194,0.8141054449496525,0.76,0.001370826069245148
0.07626340193456083,0.07488857965719391,0.06916843773659113,0.8134259465108121,0.7599999999999999,0.0013748222773669152
0.07631303964267076,0.07494090953487034,0.06929701222210806,0.812633010239726,0.76,0.0013721301078004203
0.07636267734411042,0.0749932401466662,0.06942566018526859,0.8118421516439537,0.76,0.001369437197444234
0.07641231504924145,0.07504557028093983,0.06955438124702562,0.8110533662702064,0.7600000000000001,0.00136674476830162
0.0764619527500841,0.07509790046913403,0.06968317498094533,0.8102666499556525,0.76,0.0013640522809500693
0.07651159045708131,0.07515025973382,0.0698120411687869,0.8094819963858576,0.7600000000000001,0.0013613307232613015
0.07656122815979322,0.07520256080245429,0.06994097891312964,0.8086994068247918,0.76,0.0013586673573389295
0.07661086586454889,0.0752548909425822,0.07006998830438303,0.8079188713237982,0.76,0.0013559749219666955
0.07666050356864337,0.07530722104521113,0.07019906878447421,0.8071403873262613,0.76,0.0013532825234322443
0.07671014127335497,0.0753595512054151,0.0703282199652889,0.8063639503650846,0.76,0.0013505900679398816
0.07675977898052308,0.07541187341145449,0.07045744207989371,0.8055895488820264,0.76,0.0013479055690685986
0.07680941668333825,0.07546421147608506,0.07058673287323969,0.8048171996479442,0.7599999999999999,0.001345205207253185
0.07685905439094926,0.07551653768750274,0.07071609387518056,0.8040468763915316,0.76,0.001342516703446516
0.07690869209236553,0.07556887180984646,0.07084552394393262,0.8032785830958531,0.76,0.001339820282519073
0.07695832980043926,0.07562120189472858,0.07097502284979462,0.8025123136766145,0.76,0.0013371279057106818
0.07700796750232039,0.07567353209807308,0.07110459014505968,0.8017480641688401,0.76,0.001334435404247312
0.07705760520662816,0.07572586220706082,0.07123422547895057,0.8009858298169951,0.76,0.0013317429995673374
0.07710724291464051,0.07577819231250396,0.07136392848406838,0.8002256059570684,0.76,0.0013290506021365492
0.077156880619353,0.07583052239240137,0.07149369877386401,0.7994673880301164,0.76,0.0013263582269516271
0.0772065183230014,0.07588287720727703,0.07162353610213107,0.7987111700465078,0.76,0.0013236411157243751
0.07725615602772555,0.07593520522144491,0.07175343986354583,0.7979569500306898,0.76,0.0013209508062806347
0.07730579373264185,0.07598757280795825,0.07188341344941085,0.7972046816192411,0.76,0.0013182209246836013
0.07735543143734394,0.07603990105342842,0.07201344890611908,0.7964544443929608,0.7599999999999999,0.0013155303839155203
0.07740506914206582,0.07609219595207924,0.0721435470018017,0.7957062208298713,0.7600000000000001,0.0013128731899865887
0.07745470684631958,0.07614456207592206,0.07227371604263702,0.7949599106323086,0.76,0.0013101447703975269
0.07750434455099706,0.07619689146511385,0.0724039481460958,0.7942155921520397,0.76,0.0013074530858832043
0.07755398225620785,0.07624921807675536,0.07253424410843434,0.7934732478933413,0.76,0.0013047641794524884
0.07760361996094735,0.07630154534348724,0.07266460263016986,0.7927328833562038,0.76,0.001302074617460115
0.0776532576652339,0.07635386431730165,0.07279502458472642,0.7919944803113712,0.76,0.0012993933479322455
0.0777028953703833,0.07640617721146938,0.07292551064575117,0.7912580228705635,0.76,0.0012967181589139264
0.07775253307499667,0.0764584984768295,0.07305606047018245,0.7905235062403637,0.76,0.0012940345981671743
0.077802170779761,0.07651080207770815,0.07318667434541712,0.7897909188625472,0.76,0.0012913687020528436
0.07785180848346719,0.07656308198165948,0.07331735163747068,0.7890602591529038,0.76,0.0012887265018077148
0.07790144618788283,0.07661544299049651,0.07344808645162713,0.7883315820081533,0.76,0.001286003197386319
0.07795108389244698,0.07666778781832569,0.07357888457673564,0.7876048165966639,0.7600000000000001,0.0012832960741212896
0.0780007215995682,0.07672012534671277,0.07370974459700814,0.7868799697607747,0.7600000000000001,0.0012805962528554288
0.07805035930185937,0.07677245946554578,0.07384066583759862,0.786157040207795,0.7600000000000001,0.001277899836313583
0.07809999700669842,0.07682479185791001,0.07397164788594744,0.7854360240328755,0.7599999999999999,0.0012752051487884145
0.07814963471142644,0.07687712330143527,0.07410269037823865,0.7847169166816504,0.76,0.0012725114099911708
0.07819927241810555,0.07692945417009688,0.07423379298754575,0.7839997132824625,0.76,0.0012698182480086794
0.07824891012117391,0.07698178480851,0.0743649553766337,0.7832844089821959,0.7600000000000001,0.0012671253126639089
0.07829854782753497,0.07703411519573847,0.07449617724629466,0.7825709987076505,0.76,0.001264432631796493
0.07834818553048717,0.07708644561490849,0.07462745826438821,0.7818594775635094,0.76,0.0012617399155786739
0.07839782323706865,0.07713877583720376,0.07475879813759571,0.781149840445345,0.7600000000000001,0.001259047399864887
0.0784474609416744,0.0771911060748299,0.07489019654139246,0.7804420824208944,0.76,0.0012563548668445062
0.07849709864638676,0.0772434362440287,0.07502165317366058,0.7797361984409664,0.7599999999999999,0.0012536624023580607
0.07854673634963912,0.07729576649834673,0.07515316772467816,0.779032183501881,0.76,0.0012509698512923886
0.07859637405590902,0.07734809665387002,0.07528473990274832,0.7783300325086189,0.7600000000000001,0.0012482774020390094
0.07864601175876357,0.0774004268261431,0.07541636938924318,0.777629740515305,0.7600000000000001,0.0012455849326204636
0.0786956494655944,0.07745275693943648,0.0755480559041655,0.7769313023759503,0.76,0.0012428925261579232
0.07874528716826834,0.07750508714346611,0.0756797991282996,0.7762347131587616,0.7600000000000002,0.0012402000248022294
0.07879492487474571,0.07755741724230018,0.07581159878706785,0.775539967701817,0.7600000000000002,0.0012375076324455203
0.07884456257794518,0.07760827574388007,0.07594377377495709,0.7748438042112351,0.7600000000000001,0.001236286834065118
0.07889420028475738,0.07766064842829987,0.0760756668226499,0.7741529288471893,0.76,0.0012335518564575096
0.07894383798733681,0.07771302094733126,0.07620761604843855,0.773463874658818,0.76,0.0012308170400055427
0.07899347569272018,0.07776539337996671,0.07633962115223605,0.772776636853826,0.7600000000000001,0.0012280823127534626
0.0790431133974316,0.07781776565152755,0.07647168185764056,0.7720912102776303,0.76,0.001225347745904043
0.07909275110130212,0.07787013781159506,0.076603797854781,0.771407590173599,0.7600000000000001,0.0012226132897070615
0.07914238880685318,0.07792250981726477,0.07673596887760431,0.7707257713939428,0.76,0.0012198789895884036
0.07919202651340285,0.07797488170171252,0.07686819462533241,0.7700457491152749,0.76,0.001217144811690327
0.07924166421627343,0.0780272534442015,0.07700047480148768,0.7693675184341702,0.7600000000000001,0.0012144107720719352
0.07929130192381446,0.07807962500908387,0.07713280916403945,0.7686910740890923,0.76,0.0012116769147305939
0.07934093962860542,0.07813199645245698,0.0772651973847196,0.7680164114916377,0.7600000000000001,0.0012089431761484314
0.07939057733040453,0.07818436769818941,0.07739763920604821,0.7673435254568265,0.76,0.0012062096322151136
0.079440215035117,0.07823673878991153,0.07753013435494766,0.7666724110523068,0.7600000000000002,0.0012034762452054746
0.07948985274084741,0.07828910967453143,0.07766268256136996,0.7660030632323037,0.7599999999999999,0.001200743066315981
0.0795394904467279,0.07834148037537879,0.07779528353894238,0.7653354771426972,0.7600000000000002,0.001198010071349107
0.07958912815136523,0.078393850834752,0.0779279370219442,0.7646696477360252,0.7600000000000001,0.0011952773166132274
0.0796387658540191,0.0784462209772594,0.07806064275015864,0.764005569937456,0.76,0.0011925448767597126
0.07968840355788243,0.07849859082898203,0.07819340045230677,0.7633432388490219,0.7600000000000001,0.0011898127289003948
0.07973804126356884,0.0785509602557364,0.07832620988493022,0.762682649285987,0.76,0.0011870810078324445
0.07978767896839838,0.07860332917353234,0.07845907077940623,0.7620237962860417,0.7599999999999999,0.0011843497948660303
0.07983731667299004,0.0786557011054295,0.07859198219631137,0.7613666814449991,0.7600000000000001,0.0011816155675605385
0.07988695437741986,0.07870807322927967,0.07872494448500993,0.7607112938494732,0.7599999999999999,0.0011788811481401918
0.07993659208017244,0.07876044538360767,0.07885795741718479,0.7600576282123052,0.76,0.0011761466965647715
0.07998622978654044,0.07881281762163818,0.07899102074680565,0.7594056795242292,0.7600000000000001,0.0011734121649022613
0.0800358674971529,0.07886518993570972,0.0791241342247908,0.7587554427653092,0.76,0.001170677561443184
0.08008550519517157,0.07891756223282534,0.07925729756577198,0.7581069130613415,0.7599999999999999,0.0011679429623462358
0.08013514289973349,0.07896993156672105,0.07939051090714846,0.7574600819745929,0.76,0.0011652113330124314
0.08018478059989864,0.07902230007934175,0.07952377364736218,0.7568149477762488,0.7600000000000001,0.0011624805205569036
0.08023441830348546,0.079074668283657,0.07965708548593174,0.7561715061006529,0.7600000000000001,0.0011597500198284579
0.08028405601236355,0.07912703647130154,0.07979044614913368,0.7555297522674408,0.76,0.0011570195410620123
0.08033369372450191,0.0791794064468709,0.07992385526033945,0.7548896825356378,0.7600000000000001,0.0011542872776310208
0.08038333142106521,0.07923177737211286,0.08005731263487766,0.7542512911526172,0.76,0.0011515540489523501
0.08043296912628059,0.07928414797629903,0.08019081818926073,0.7536145719781902,0.7600000000000002,0.0011488211499815627
0.08048260685854447,0.07933651834897071,0.08032437172173341,0.7529795199403925,0.76,0.0011460885095737547
0.08053224453557142,0.0793888884747639,0.08045797275888404,0.752346131277432,0.76,0.001143356060807529
0.08058188225959131,0.07944125850206535,0.08059162133428882,0.7517143997922761,0.76,0.0011406237575259715
0.08063151993625758,0.07949362836748455,0.08072531695268005,0.7510843218094623,0.7600000000000002,0.0011378915687730296
0.08068115767888234,0.07954599829215146,0.0808590596829836,0.7504558909884578,0.7600000000000001,0.0011351593867308855
0.08073079534475866,0.07959836813887182,0.0809928489089413,0.749829104209399,0.76,0.001132427205886843
0.08078043305898891,0.07965073827674646,0.08112668474297047,0.7492039549200913,0.7600000000000001,0.0011296947822424532
0.08083007075439552,0.07970310881522787,0.08126056679191528,0.7485804389005023,0.76,0.0011269619391676595
0.08087970846794884,0.0797554817072777,0.08139449504405094,0.7479585497151934,0.7599999999999999,0.001124226760671138
0.08092934616641868,0.07980785666160017,0.08152846924982378,0.7473382822841406,0.7599999999999999,0.0011214895048185147
0.08097898389299736,0.07986022590688169,0.0816624887581328,0.746719636155155,0.76,0.0011187579861156789
0.0810286215837085,0.07991260944784283,0.081796554791033,0.746102592457828,0.76,0.0011160121358656718
0.0810782592912439,0.07996497427894228,0.08193066437696445,0.7454871720583364,0.76,0.0011132850123016249
0.08112789699588714,0.08001734852585285,0.08206481980264582,0.7448733469821904,0.76,0.0011105484700342865
0.08117753470102895,0.08006972431690067,0.08219902019694646,0.7442611183740312,0.76,0.0011078103841282868
0.08122717240552829,0.08012210125206262,0.08233326533644254,0.7436504814346016,0.76,0.001105071153465669
0.08127681010999196,0.08017447954341496,0.08246755508416538,0.7430414306263062,0.7600000000000001,0.0011023305665770014
0.08132644781577236,0.08022685781566184,0.08260188905893255,0.742433962642414,0.7599999999999998,0.0010995900001105248
0.08137608551949609,0.08027922166464911,0.08273626444500191,0.7418280959529567,0.76,0.001096863854846976
0.0814257232196417,0.08033158825102787,0.08287068384365723,0.7412238003915436,0.7600000000000001,0.0010941349686138307
0.0814753609160632,0.08038396329945764,0.08300514818575039,0.7406210609791641,0.76,0.0010913976166055516
0.08152499863021676,0.08043633888929666,0.08313965596554168,0.7400198848034275,0.76,0.0010886597409200938
0.08157463633471387,0.0804887141555401,0.08327420673714937,0.7394202688603321,0.7600000000000001,0.001085922179173776
0.08162427403517274,0.08054107894200029,0.08340879798046089,0.7388222289165307,0.7599999999999999,0.0010831950931724525
0.08167391174585355,0.08059344064948075,0.08354343097600007,0.7382257470796346,0.76,0.001080471096372796
0.08172354944711367,0.08064580484288138,0.0836781067449851,0.7376308074849317,0.76,0.0010777446042322923
0.08177318715641363,0.08069817257290027,0.0838128254584666,0.7370374023129108,0.7600000000000001,0.0010750145835133557
0.08182282485894797,0.080750570263427,0.08394759401516895,0.7364454643902821,0.76,0.0010722545955209799
0.08187246256600847,0.08080291982220715,0.08408239156906158,0.7358551702848407,0.7600000000000001,0.0010695427438013152
0.08192210027141872,0.08085527550685943,0.08421723209127693,0.7352663906634435,0.76,0.0010668247645592873
0.0819717379762917,0.08090763852229077,0.08435211578255383,0.7346791174277698,0.76,0.0010640994540009373
0.08202137568171991,0.0809600037818225,0.08448704093066456,0.7340933591533711,0.7599999999999999,0.001061371899897418
0.08207101338629214,0.08101236993193628,0.08462200740518158,0.7335091105684571,0.76,0.001058643454355851
0.08212065109059562,0.08106473616837252,0.08475701457842619,0.7329263707502934,0.76,0.001055914922223089
0.08217028879589156,0.08111710249306699,0.08489206226066015,0.7323451349903405,0.7600000000000001,0.001053186302824569
0.08221992650002705,0.08116946914813485,0.08502715034053593,0.7317653978856711,0.7600000000000001,0.0010504573518921967
0.08226956420491646,0.08122183632812477,0.08516227870074901,0.7311871541592369,0.76,0.0010477278767916875
0.0823192019093216,0.08127420438752866,0.08529744728860847,0.7306103979696045,0.76,0.001044997521792936
0.08236883961429947,0.08132654431229876,0.08543265041708532,0.7300351716798263,0.7599999999999999,0.0010422953020007173
0.08241847731869116,0.08137750067803999,0.0855676377551266,0.7294636027854057,0.7599999999999999,0.0010409766406511635
0.082468115022148,0.08142982986731255,0.08570291147995919,0.7288913987100143,0.76,0.0010382851548354501
0.08251775272904405,0.08148216015786364,0.08583822331769007,0.7283206747845163,0.76,0.0010355925711804123
0.08256739043390693,0.08153450817232832,0.08597357275856171,0.7277514290305694,0.76,0.0010328822615786016
0.08261702813751623,0.08158677189548916,0.08610896398511368,0.7271836199114103,0.7599999999999999,0.0010302562420270737
0.08266666584295537,0.08163910225874232,0.086244391647997,0.7266172865909569,0.7600000000000002,0.0010275635842130512
0.08271630354692783,0.08169142820778545,0.08637985747260532,0.7260524083038432,0.7600000000000001,0.001024875339142371
0.08276594125240039,0.08174376169134218,0.08651536117271123,0.7254889813971913,0.76,0.001022179561058205
0.08281557895708361,0.081796097290397,0.08665090249608542,0.7249270018846184,0.76,0.0010194816666866094
0.08286521666175942,0.08184843633775234,0.08678648119212101,0.7243664658161839,0.7600000000000001,0.001016780324007075
0.08291485436733609,0.08190079835942907,0.08692209783156117,0.7238073624183962,0.7600000000000001,0.001014056007907028
0.08296449207047933,0.08195312820160537,0.08705775153206195,0.7232496930188983,0.7600000000000001,0.0010113638688739658
0.08301412977641276,0.08200545842385361,0.08719344219322353,0.722693452527902,0.76,0.0010086713525591564
0.08306376748165778,0.08205778904921394,0.08732916964370076,0.7221386363680684,0.7599999999999999,0.0010059784324438288
0.08311340518461063,0.08211012018351062,0.0874649337313692,0.7215852398453837,0.76,0.0010032850011000183
0.08316304288763599,0.0821624520679468,0.08760073434403158,0.7210332580041826,0.76,0.0010005908196891815
0.08321268059358292,0.08221478482936957,0.08773657137731956,0.720482685854348,0.76,0.0009978957642133458
0.08326231829828057,0.08226711820512182,0.08787244468614684,0.7199335186842015,0.7600000000000001,0.000995200093158745
0.08331195600493234,0.0823194518187438,0.08800835413160671,0.7193857518373352,0.76,0.0009925041861885418
0.08336159370811774,0.08237178502157629,0.08814429951744412,0.718839381049006,0.76,0.0009898086865414548
0.08341123141434892,0.08242411742721918,0.08828028066732305,0.7182944020455588,0.76,0.0009871139871297314
0.08346086911921352,0.08247644896966613,0.0884162973804455,0.7177508106469156,0.76,0.000984420149547391
0.08351050682440656,0.08252878003634105,0.08855234948390459,0.7172086025334689,0.7600000000000001,0.00098172678806551
0.08356014452480928,0.08258111062758992,0.08868843679816034,0.7166677733813401,0.7599999999999999,0.000979033897219353
0.08360978222948154,0.08263344087340602,0.0888245591845302,0.7161283187157083,0.76,0.0009763413560755279
0.0836594199358612,0.08268577138661132,0.0889607164742196,0.715590234194094,0.76,0.0009736485492498826
0.08370905764295992,0.08273810159707434,0.0890969085046116,0.7150535154613403,0.7600000000000001,0.0009709560458855844
0.08375869534644714,0.08279039887361084,0.08923313524303375,0.7145181571038058,0.76,0.0009682964728363001
0.08380833305134483,0.08284273701913886,0.0893693962007219,0.7139841574853272,0.7600000000000001,0.0009655960322059764
0.08385797075593623,0.08289506466864097,0.08950569150425174,0.7134515099847346,0.7600000000000001,0.000962906087295262
0.08390760846065623,0.08294739368518035,0.08964202090840896,0.7129202110018619,0.76,0.0009602147754758799
0.08395724616553141,0.08299972315269981,0.08977838426282489,0.7123902561923761,0.7599999999999999,0.000957523012831599
0.08400688387025612,0.0830520528572375,0.08991478141341694,0.7118616412574086,0.7600000000000001,0.0009548310130186185
0.08405652157492001,0.08310438274484547,0.09005121220715427,0.7113343619135748,0.76,0.0009521388300745477
0.08410615927948611,0.08315671275832404,0.09018767649161133,0.7108084138906589,0.7599999999999999,0.0009494465211620723
0.08415579698427143,0.08320904282831271,0.09032417411632562,0.7102837929262129,0.7599999999999999,0.0009467541559587283
0.08420543468899568,0.08326137299035884,0.09046070492936013,0.7097604947820499,0.76,0.0009440616986368415
0.08425507239386709,0.08331370319219035,0.09059726878159946,0.7092385152224088,0.76,0.0009413692016767354
0.08430471009860406,0.0833660319933599,0.09073386553301452,0.708717849954338,0.7599999999999999,0.0009386781052441623
0.084354347803265,0.08341836407021004,0.09087049500327604,0.7081984950224484,0.76,0.0009359837330549676
0.08440398550798739,0.08347069410338218,0.09100715708176739,0.7076804459469292,0.76,0.0009332914046052073
0.08445362321276088,0.08352302413942655,0.09114385160787378,0.7071636986558162,0.76,0.0009305990733343268
0.08450326091743256,0.08357535437728596,0.0912805784340807,0.7066482489921371,0.76,0.0009279065401466071
0.08455289862221013,0.08362768461157964,0.09141733741739806,0.7061340927867011,0.76,0.0009252140106304888
0.08460253632694523,0.08368001504413465,0.09155412841200561,0.7056212259072068,0.7600000000000001,0.0009225212828105789
0.08465217403159796,0.08373234570937027,0.09169095127434386,0.7051096442238389,0.76,0.0009198283222276796
0.08470181173638322,0.08378467650719794,0.09182780586327687,0.7045993436096932,0.76,0.0009171352291852812
0.08475144944110721,0.0838370074751978,0.09196469203645079,0.7040903199615192,0.7599999999999999,0.0009144419659094114
0.08480108714576053,0.08388933857891634,0.09210160965330184,0.7035825691830067,0.7599999999999999,0.0009117485668441808
0.08485072485035894,0.08394166976814516,0.09223855857422766,0.7030760871894072,0.7600000000000001,0.0009090550822137786
0.08490036255528892,0.08399400099048196,0.09237553866135932,0.7025708699053761,0.76,0.0009063615648069554
0.0849500002600122,0.08404633227369232,0.09251254977467396,0.7020669132804809,0.7600000000000002,0.0009036679863198837
0.0849996379646434,0.08409866359320327,0.09264959177698394,0.7015642132682406,0.76,0.0009009743714401236
0.08504927566944981,0.08415087496891555,0.09278666740119912,0.7010627441568091,0.76,0.0008984007005342638
0.08509891337418896,0.08420320761155829,0.09292377061022743,0.7005625465549501,0.76,0.0008957057626306681
0.08514855107914321,0.08425554008451977,0.0930609043208207,0.7000635933490214,0.76,0.0008930109946234369
0.0851981887838674,0.08430787222243855,0.0931980684013807,0.6995658805188445,0.7599999999999999,0.0008903165614288474
0.0852478264883744,0.08436020357230113,0.09333526273431753,0.6990694039626254,0.76,0.0008876229160732618
0.08529746419308823,0.08441253365063864,0.09347248720660074,0.6985741595680693,0.76,0.0008849305424495852
0.0853471018974189,0.08446486143854623,0.09360974172492556,0.6980801430842839,0.7599999999999998,0.0008822404588726615
0.08539673960253799,0.08451718430668846,0.09374702628632131,0.6975873496275377,0.76,0.0008795552958495337
0.08544637730725936,0.08456963386744419,0.09388433753855242,0.6970957991835925,0.7600000000000001,0.000876743439815166
0.08549601501198763,0.08462194974888587,0.09402168112795443,0.6966054448957775,0.7599999999999999,0.0008740652631017592
0.0855456527187828,0.08467431694166597,0.0941590539072615,0.6961163053246009,0.7599999999999999,0.0008713357771168243
0.08559529042102354,0.08472652785235346,0.09429645786953234,0.695628360842361,0.7600000000000001,0.0008687625686700827
0.08564492812579823,0.08477889840221119,0.09443388821231019,0.6951416421424115,0.76,0.0008660297235870459
0.08569456583046074,0.08483121479027146,0.09457134893282243,0.6946561148993026,0.7600000000000001,0.0008633510401892832
0.08574420353562442,0.0848835227393383,0.09470883888239562,0.6941717828180964,0.7599999999999999,0.0008606807962861256
0.08579384124034108,0.08493581952942997,0.09484635829189919,0.6936886394504881,0.7600000000000001,0.0008580217109111069
0.08584347894504554,0.08498827203206845,0.09498390230289828,0.6932067155450659,0.7600000000000002,0.0008552069129770871
0.0858931166498073,0.08504058096681329,0.09512147780715609,0.6927259559969755,0.7600000000000001,0.0008525356829940148
0.08594275435449229,0.0850929317949739,0.09525908140243786,0.6922463809608466,0.76,0.0008498225595183931
0.08599239205889493,0.08514523065898005,0.0953967137355527,0.6917679810421049,0.7599999999999999,0.0008471613999148726
0.08604202976355213,0.08519752240047179,0.09553437464350462,0.6912907527787154,0.7600000000000001,0.0008445073630803342
0.08609166746887062,0.08524982826023868,0.09567206390541963,0.6908146931397667,0.76,0.00084183920863194
0.08614130517340907,0.08530218729370177,0.09580977911983607,0.6903398147978345,0.76,0.0008391178797072905
0.08619094287811306,0.08535462747336235,0.09594752212322064,0.6898660998572461,0.76,0.0008363154047507147
0.0862405805828299,0.08540005744903525,0.09609034432007149,0.689357302771091,0.7600000000000001,0.0008405231337946585
0.0862902182876327,0.0854360987439436,0.09628025408006616,0.6885131216262277,0.7600000000000001,0.0008541195436890947
0.08633985599213442,0.08547214003845685,0.09652636973871341,0.6872718426240346,0.76,0.0008677159536775784
0.08638949368666811,0.08550832671506126,0.09683842665628839,0.6855697265952738,0.76,0.0008811669716068571
0.08643913140471811,0.08554475617315009,0.09732170241461847,0.6826753926032683,0.7599999999999999,0.000894375231568023
0.08648876912134543,0.0855811856301948,0.09800166781643993,0.6784452816239912,0.76,0.000907583491150623
0.08653840682453628,0.08561761507737842,0.0988742647476597,0.6729598141068474,0.76,0.000920791747157871
0.08658804451583241,0.0856540445158324,0.09993444721484136,0.666317234663638,0.7600000000000006,0.0009339999999999995
